{"n_echoes": 1, "n_pulses": 32, "N": 32, "FA": 0, "FA_train": [[90.0, 0.0, 0.0, 0.0, 0.0, 0.0, 0.0, 0.0, 180.0, 0.0, 0.0, 0.0, 0.0, 0.0, 0.0, 0.0, 0.0, 0.0, 0.0, 0.0, 0.0, 0.0, 0.0, 0.0, 0.0, 0.0, 0.0, 0.0, 0.0, 0.0, 0.0, 0.0]], "TR_train": [[0.0035, 0.0035, 0.0035, 0.0035, 0.0035, 0.0035, 0.0035, 0.0055, 0.0032, 0.0032, 0.0032, 0.0032, 0.0032, 0.0032, 0.0032, 0.0032, 0.0032, 0.0032, 0.0032, 0.0032, 0.0032, 0.0032, 0.0032, 0.0032, 0.0032, 0.0032, 0.0032, 0.0032, 0.0032, 0.0032, 0.0032, 0.0064]], "TE_train": [[0.003, 0.0028, 0.0026000000000000003, 0.0024, 0.0022, 0.002, 0.0018000000000000002, 0.0016, 0.0031876, 0.0032876, 0.0033876, 0.0034876, 0.0035876000000000003, 0.0036876, 0.0037876, 0.0038876, 0.0039876, 0.0040876, 0.0041876, 0.004287600000000001, 0.0043876, 0.0044876, 0.0045876, 0.0046876, 0.0047876, 0.0048876, 0.0049876, 0.0050876, 0.0051876, 0.005287600000000001, 0.0053876, 0.0054876]], "TReff": 10, "phase": "zero", "phase_incr": 10, "spoil": 0, "invPulse": 0, "fa_train_rad": [[1.5707963267948966, 0.0, 0.0, 0.0, 0.0, 0.0, 0.0, 3.141592653589793, 0.0, 0.0, 0.0, 0.0, 0.0, 0.0, 0.0, 0.0, 0.0, 0.0, 0.0, 0.0, 0.0, 0.0, 0.0, 0.0, 0.0, 0.0, 0.0, 0.0, 0.0, 0.0, 0.0, 0.0]]}